Left1,01,09A,OUT
Left1,02,09B,OUT
Left1,03,10A,OUT
Left1,04,10B,OUT
Left1,05,11A,OUT
Left1,06,11B,OUT
Left1,07,12A,OUT
Left1,08,12B,OUT

Left2,09,13A,15A
Left2,10,13B,15B
Left2,11,14A,16A
Left2,12,14B,16B

Left3,13,18A,19A
Left3,14,18B,19B

Left4,18,Place1,Place2

Runoff,15,17A,20A
Runoff,16,17B,20B
Runoff,17,Place5,Place6

Runoff,20,Place7,Place8
Runoff,19,Place3,Place4



Seed01,01A
Seed02,02A
Seed03,03A
Seed04,04A
Seed05,05A
Seed06,06A
Seed07,07A
Seed08,08A
Seed09,08B
Seed10,06B
Seed11,04B
Seed12,02B
Seed13,07B
Seed14,03B
Seed15,05B
Seed16,01B
