CarNumber,FullName,ShortName,FirstName,LastName
102,Matthew Tomczak,Matthew T,Matthew,Tomczak
103,Tyler Jameson,Tyler J,Tyler,Jameson
104,Justin Sakeagak,Justin S,Justin,Sakeagak
105,Logan Webb,Logan W,Logan,Webb
106,Mason Webb,Mason W,Mason,Webb
107,Bella Siddle,Bella S,Bella,Siddle
108,Alexa Garren,Alexa G,Alexa,Garren
109,Kelsey Van Waart,Kelsey V,Kelsey,Van Waart
110,Aubree Gresko,Aubree G,Aubree,Gresko
111,Lane Schlafke,Lane S,Lane,Schlafke
112,Greenleigh Blossom,Greenleigh B,Greenleigh,Blossom
113,Elijah Anderson,Elijah A,Elijah,Anderson
114,Zachary Bingman,Zachary B,Zachary,Bingman
115,Mejia Dominic,Mejia D,Mejia,Dominic
116,Kevin Elmore,Kevin E,Kevin,Elmore
117,Caleb Keller,Caleb K,Caleb,Keller
118,Dawson Feldpausch,Dawson F,Dawson,Feldpausch
119,Porter Kulenkamp,Porter K,Porter,Kulenkamp
120,Stella Kulenkamp,Stella K,Stella,Kulenkamp
121,Carli Lumpkin,Carli L,Carli,Lumpkin
122,Maranatha Potter,Maranatha P,Maranatha,Potter
123,Kwabena Ronke,Kwabena R,Kwabena,Ronke
124,Karsen Stevenson,Karsen S,Karsen,Stevenson
125,Caleb Thienes,Caleb T,Caleb,Thienes
126,Levi Thienes,Levi T,Levi,Thienes
127,Michael Yancy,Michael Y,Michael,Yancy
128,Kaiden Young,Kaiden Y,Kaiden,Young
129,Logan Sennholtz-Linder,Logan S-L,Logan,Sennholtz-Linder
130,Thomas Kilby,Thomas K,Thomas,Kilby
131,Tiya Feldpausch,Tiya F,Tiya,Feldpausch
132,Traecen Feldpausch,Traecen F,Traecen,Feldpausch
133,Davis Hinkle,Davis H,Davis,Hinkle
135,Pierce Van Waart,Pierce V,Pierce,Van Waart
136,Edgar Potter,Edgar P,Edgar,Potter
137,Mason Yeoman,Mason Y,Mason,Yeoman
138,Graham Vaughn,Graham V,Graham,Vaughn
139,Frances Zwicky,Frances Z,Frances,Zwicky
140,Lucille Zwicky,Lucille Z,Lucille,Zwicky
150,Cayson Hayes,Cayson H,Cayson,Hayes
177,Noah Thomas,Noah T,Noah,Thomas
202,Ella Probst,Ella P,Ella,Probst
203,Bradley Getts,Bradley G,Bradley,Getts
204,Adam Getts,Adam G,Adam,Getts
205,Andrew Sakeagak,Andrew S,Andrew,Sakeagak
206,Campbell Jameson,Campbell J,Campbell,Jameson
207,Levi West,Levi W,Levi,West
208,Audrey Rains,Audrey R,Audrey,Rains
210,Chase Schlafke,Chase S,Chase,Schlafke
211,Laura Smutny,Laura S,Laura,Smutny
212,Riley Gresko,Riley G,Riley,Gresko
213,Tayven Feldpausch,Tayven F,Tayven,Feldpausch
214,Quinton Hatfield,Quinton H,Quinton,Hatfield
215,Kaylah Ahmad,Kaylah A,Kaylah,Ahmad
216,Devron Ahmad,Devron A,Devron,Ahmad
217,Danae Feldpausch,Danae F,Danae,Feldpausch
218,Ontario Anderson,Ontario A,Ontario,Anderson
219,William Bevins,William B,William,Bevins
220,Micha Carter,Micha C,Micha,Carter
221,Braydon Holloway,Braydon H,Braydon,Holloway
222,Story Kulenkamp,Story K,Story,Kulenkamp
223,Sophie Lemus,Sophie L,Sophie,Lemus
224,Gabe Lemus,Gabe L,Gabe,Lemus
225,Evelyn Martinez,Evelyn M,Evelyn,Martinez
226,LeAnn Mayers,LeAnn M,LeAnn,Mayers
227,Brandon Minor,Brandon M,Brandon,Minor
228,Olivia Muyumba,Olivia M,Olivia,Muyumba
229,William Pickens,William P,William,Pickens
230,Trinity Richardson,Trinity R,Trinity,Richardson
231,Erin Donovan,Erin D,Erin,Donovan
232,Garrett Russel,Garrett R,Garrett,Russel
233,Melody Castner,Melody C,Melody,Castner
234,Chelsi Stevenson,Chelsi S,Chelsi,Stevenson
235,Kasien Stevenson,Kasien S,Kasien,Stevenson
236,Gerald Young,Gerald Y,Gerald,Young
237,Karlye Murphy,Karlye M,Karlye,Murphy
238,Morgan Juarez,Morgan J,Morgan,Juarez
239,Grace Gryga,Grace G,Grace,Gryga
240,Jamilah Haynes,Jamilah H,Jamilah,Haynes
241,Dominic Milton,Dominic M,Dominic,Milton
242,Addison Inman,Addison I,Addison,Inman
243,Sarah Kolesar,Sarah K,Sarah,Kolesar
244,Caiden Clements,Caiden C,Caiden,Clements
301,Ronan Johnson,Ronan J,Ronan,Johnson
302,Veronica Stagnaro,Veronica S,Veronica,Stagnaro
303,Callie Elder,Callie E,Callie,Elder
304,Henry Paul,Henry P,Henry,Paul
305,Ian Jameson,Ian J,Ian,Jameson
306,Maria Fahey,Maria F,Maria,Fahey
307,Andrew Knapp,Andrew K,Andrew,Knapp
308,Ryan Jameson,Ryan J,Ryan,Jameson
309,Connor Magnuson,Connor M,Connor,Magnuson
310,Jenna Wolfe,Jenna W,Jenna,Wolfe
311,Jamison Geisler,Jamison G,Jamison,Geisler
312,Jacob Leonard,Jacob L,Jacob,Leonard
313,Darian Allen,Darian A,Darian,Allen
314,Lilian Allred,Lilian A,Lilian,Allred
315,Collin Shaw,Collin S,Collin,Shaw
316,Jordan Edmonds,Jordan E,Jordan,Edmonds
317,Aiden Potter,Aiden P,Aiden,Potter
318,Elizabeth Johnson,Elizabeth J,Elizabeth,Johnson
319,Eli Murphy,Eli M,Eli,Murphy
320,Stephanie Hicks,Stephanie H,Stephanie,Hicks
321,Sarah Whitaker,Sarah W,Sarah,Whitaker
325,Thayne Hayes,Thayne H,Thayne,Hayes
330,Lauren Zimmerman,Lauren Z,Lauren,Zimmerman
332,William Donovan,William D,William,Donovan
336,Brittany Sorli,Brittany S,Brittany,Sorli
341,Carlie Kilby,Carlie K,Carlie,Kilby
375,Zachary Hiller,Zachary H,Zachary,Hiller
378,Dakota Thomas,Dakota T,Dakota,Thomas
382,Cody Ojeda,Cody O,Cody,Ojeda
384,Peyton Strand,Peyton S,Peyton,Strand
385,Brooke Strand,Brooke S,Brooke,Strand
389,Hannah Oleson,Hannah O,Hannah,Oleson
395,Matthew Wells,Matthew W,Matthew,Wells
396,Marcus Wells,Marcus W,Marcus,Wells
401,Ronan Johnson,Ronan J,Ronan,Johnson
403,Callie Elder,Callie E,Callie,Elder
404,Laura Smutny,Laura S,Laura,Smutny
405,Debra Houston,Debra H,Debra,Houston
406,Faith Potter,Faith P,Faith,Potter
407,Jennifer Miszewski,Jennifer M,Jennifer,Miszewski
408,Anne Taylor,Anne T,Anne,Taylor
408,Thomas Kilby,Thomas K,Thomas,Kilby
409,Kelsey Van Waart,Kelsey V,Kelsey,Van Waart
410,Jenna Wolfe,Jenna W,Jenna,Wolfe
413,Courtney Rayle,Courtney R,Courtney,Rayle
415,Collin Shaw,Collin S,Collin,Shaw
425,Thayne Hayes,Thayne H,Thayne,Hayes
436,Brittany Sorli,Brittany S,Brittany,Sorli
437,Karlye Murphy,Karlye M,Karlye,Murphy
441,Carlie Kilby,Carlie K,Carlie,Kilby
502,Preston Knapp,Preston K,Preston,Knapp
504,Henry Paul,Henry P,Henry,Paul
505,Ronan Johnson,Ronan J,Ronan,Johnson
507,Andrew Knapp,Andrew K,Andrew,Knapp
536,Brittany Sorli,Brittany S,Brittany,Sorli
589,Hannah Oleson,Hannah O,Hannah,Oleson
595,Matthew Wells,Matthew W,Matthew,Wells
596,Marcus Wells,Marcus W,Marcus,Wells
602,Marleigh Zarecky,Marleigh Z,Marleigh,Zarecky
