At,By, Lane1, Lane2, Phase
"2020-09-05 08:50:35","Starter","506","536","A"
"2020-09-05 08:57:08","Starter","505","595","A"
"2020-09-05 09:00:33","Starter","596","502","A"
"2020-09-05 09:05:52","Starter","536","506","B"
"2020-09-05 09:11:48","Starter","595","505","B"
"2020-09-05 09:16:31","Starter","502","596","B"
"2020-09-05 09:35:13","Starter","504","589","A"
"2020-09-05 09:49:37","Starter","589","504","B"
"2020-09-05 09:53:30","Starter","506","507","A"
"2020-09-05 10:08:22","Starter","507","506","B"
"2020-09-05 10:13:57","Starter","536","589","A"
"2020-09-05 10:16:49","Starter","504","505","A"
"2020-09-05 10:25:06","Starter","505","504","B"
"2020-09-05 10:28:54","Starter","589","536","B"
"2020-09-05 10:31:25","Starter","507","502","A"
"2020-09-05 10:34:06","Starter","596","506","A"
"2020-09-05 10:42:51","Starter","506","596","B"
"2020-09-05 10:44:39","Starter","502","507","B"
"2020-09-05 11:02:03","Starter","595","536","A"
"2020-09-05 11:05:29","Starter","505","596","A"
"2020-09-05 11:13:45","Starter","536","595","B"
"2020-09-05 11:16:30","Starter","507","504","A"
"2020-09-05 11:18:09","Starter","596","505","B"
"2020-09-05 11:29:28","mmiszewski","504","507","B"
"2020-09-05 11:32:30","Starter","536","506","A"
"2020-09-05 11:44:55","Starter","506","536","B"
"2020-09-05 11:54:36","Starter","502","595","A"
"2020-09-05 12:04:01","Starter","595","502","B"
"2020-09-05 12:08:21","Starter","504","506","A"
"2020-09-05 12:17:53","Starter","506","504","B"
"2020-09-05 12:28:56","Starter","507","536","A"
"2020-09-05 12:37:20","Starter","506","596","A"
"2020-09-05 12:39:33","Starter","536","507","B"
"2020-09-05 12:45:33","Starter","596","506","B"
"2020-09-05 12:59:35","Starter","425","409","A"
"2020-09-05 13:05:28","Starter","505","506","A"
"2020-09-05 13:10:23","Starter","409","425","B"
"2020-09-05 13:16:32","Starter","506","505","B"
"2020-09-05 13:19:08","Starter","441","406","A"
"2020-09-05 13:30:39","mmiszewski","405","410","A"
"2020-09-05 13:32:14","Starter","406","441","B"
"2020-09-05 13:34:32","Starter","437","413","A"
"2020-09-05 13:37:11","Starter","410","405","B"
"2020-09-05 13:42:59","Starter","403","430","A"
"2020-09-05 13:45:51","Starter","413","437","B"
"2020-09-05 13:48:13","Starter","407","408","A"
"2020-09-05 13:51:20","Starter","430","403","B"
"2020-09-05 13:58:38","Starter","436","415","A"
"2020-09-05 14:02:15","Starter","408","407","B"
"2020-09-05 14:08:45","Starter","415","436","B"
"2020-09-05 14:24:11","Starter","425","441","A"
"2020-09-05 14:27:12","Starter","409","406","A"
"2020-09-05 14:33:16","Starter","441","425","B"
"2020-09-05 14:35:42","Starter","401","404","A"
"2020-09-05 14:38:26","Starter","436","430","A"
"2020-09-05 14:41:05","Starter","415","403","A"
"2020-09-05 14:42:14","Starter","406","409","B"
"2020-09-05 14:44:55","Starter","410","408","A"
"2020-09-05 14:46:20","Starter","404","401","B"
"2020-09-05 14:49:06","Starter","405","407","A"
"2020-09-05 14:50:23","Starter","430","436","B"
"2020-09-05 14:52:36","Starter","403","415","B"
"2020-09-05 14:54:49","Starter","408","410","B"
"2020-09-05 14:58:59","Starter","407","405","B"
"2020-09-05 15:36:39","Starter","413","401","A"
"2020-09-05 15:43:48","Starter","437","404","A"
"2020-09-05 15:45:40","Starter","415","441","A"
"2020-09-05 15:50:59","Starter","401","413","B"
"2020-09-05 15:53:10","Starter","404","437","B"
"2020-09-05 15:56:24","Starter","441","415","B"
"2020-09-05 16:13:26","Starter","436","401","A"
"2020-09-05 16:16:16","Starter","407","413","A"
"2020-09-05 16:21:22","Starter","404","410","A"
"2020-09-05 16:24:48","Starter","425","408","A"
"2020-09-05 16:27:05","Starter","401","436","B"
"2020-09-05 16:29:03","Starter","413","407","B"
"2020-09-05 16:31:40","Starter","410","404","B"
"2020-09-05 16:35:05","Starter","408","425","B"
"2020-09-05 16:46:10","Starter","408","425","B"
"2020-09-05 17:04:08","Starter","121","122","A"
"2020-09-05 17:05:36","Starter","171","104","A"
"2020-09-05 17:08:00","Starter","114","108","A"
"2020-09-05 17:10:35","Starter","441","410","A"
"2020-09-05 17:15:34","Starter","104","171","B"
"2020-09-05 17:17:25","Starter","122","121","B"
"2020-09-05 17:19:56","Starter","410","441","B"
"2020-09-05 17:23:19","Starter","108","114","B"
"2020-09-05 17:25:49","Starter","430","413","A"
"2020-09-05 17:27:25","Starter","131","107","A"
"2020-09-05 17:29:10","Starter","133","119","A"
"2020-09-05 17:32:29","mmiszewski","133","119","A"
"2020-09-05 17:33:44","Starter","170","136","A"
"2020-09-05 17:41:30","Starter","413","430","B"
"2020-09-05 17:43:47","Starter","107","131","B"
"2020-09-05 17:45:00","Starter","133","116","A"
"2020-09-05 17:47:16","Starter","136","170","B"
"2020-09-05 17:48:40","Starter","138","103","A"
"2020-09-05 17:50:30","Starter","140","125","A"
"2020-09-05 17:52:48","Starter","129","126","A"
"2020-09-05 17:54:26","Starter","113","105","A"
"2020-09-05 17:56:08","Starter","135","110","A"
"2020-09-05 17:58:12","Starter","139","128","A"
"2020-09-05 18:01:10","Starter","118","177","A"
"2020-09-05 18:02:46","Starter","116","133","B"
"2020-09-05 18:05:03","Starter","410","401","A"
"2020-09-05 18:09:09","Starter","132","117","A"
"2020-09-05 18:12:05","Starter","125","140","B"
"2020-09-05 18:13:56","Starter","103","138","B"
"2020-09-05 18:16:36","Starter","171","124","A"
"2020-09-05 18:17:38","Starter","105","113","B"
"2020-09-05 18:19:34","Starter","430","441","A"
"2020-09-05 18:20:57","Starter","401","410","B"
"2020-09-05 18:23:39","Starter","126","129","B"
"2020-09-05 18:25:05","Starter","128","139","B"
"2020-09-05 18:27:11","Starter","110","135","B"
"2020-09-05 18:28:34","Starter","122","109","A"
"2020-09-05 18:29:39","Starter","441","430","B"
"2020-09-05 18:32:07","Starter","177","118","B"
"2020-09-05 18:33:44","Starter","413","425","A"
"2020-09-05 18:36:08","Starter","317","314","A"
"2020-09-05 18:38:11","Starter","117","132","B"
"2020-09-05 18:40:13","Starter","124","171","B"
"2020-09-05 18:42:03","Starter","382","311","A"
"2020-09-05 18:43:59","Starter","109","122","B"
"2020-09-05 18:45:11","Starter","378","308","A"
"2020-09-05 18:47:08","Starter","319","307","A"
"2020-09-05 18:49:25","Starter","425","413","B"
"2020-09-05 18:51:00","Starter","314","317","B"
"2020-09-05 18:53:01","Starter","311","382","B"
"2020-09-05 18:55:22","Starter","307","319","B"
"2020-09-05 18:57:25","Starter","308","378","B"
"2020-09-05 18:59:02","Starter","318","305","A"
"2020-09-05 19:08:02","Starter","325","320","A"
"2020-09-05 19:11:32","Starter","305","318","B"
"2020-09-05 19:13:37","Starter","408","436","A"
"2020-09-05 19:16:42","Starter","413","410","A"
"2020-09-05 19:18:26","Starter","425","401","A"
"2020-09-05 19:21:27","Starter","320","325","B"
"2020-09-05 19:24:19","Starter","131","130","A"
"2020-09-05 19:25:50","Starter","410","413","B"
"2020-09-05 19:27:56","Starter","436","408","B"
"2020-09-05 19:29:56","Starter","401","425","B"
"2020-09-05 19:31:33","Starter","313","389","A"
"2020-09-05 19:33:30","Starter","375","321","A"
"2020-09-05 19:37:32","Starter","130","131","B"
"2020-09-05 19:42:38","Starter","397","395","A"
"2020-09-05 19:43:31","Starter","341","315","A"
"2020-09-05 19:45:39","Starter","389","313","B"
"2020-09-05 19:47:39","Starter","321","375","B"
"2020-09-05 19:50:35","Starter","425","436","A"
"2020-09-05 19:53:43","Starter","315","341","B"
"2020-09-05 19:56:21","Starter","395","397","B"
"2020-09-05 19:59:32","Starter","436","425","B"
"2020-09-05 20:05:51","Starter","302","301","A"
"2020-09-05 20:14:28","Starter","301","302","B"
"2020-09-05 20:18:26","Starter","408","436","A"
"2020-09-05 20:26:03","Starter","436","408","B"
"2020-09-05 20:49:19","Starter","408","436","A"
"2020-09-05 20:59:43","Starter","436","408","B"
"2020-09-06 07:48:27","Starter","111","150","A"
"2020-09-06 07:56:03","Starter","336","396","A"
"2020-09-06 07:58:56","Starter","150","111","B"
"2020-09-06 08:08:44","Starter","396","336","B"
"2020-09-06 08:24:17","mmiszewski","396","336","B"
"2020-09-06 08:27:11","Starter","336","396","A"
"2020-09-06 08:32:23","Starter","302","305","A"
"2020-09-06 08:34:34","Starter","378","321","A"
"2020-09-06 08:36:41","Starter","104","140","A"
"2020-09-06 08:40:22","Starter","311","341","A"
"2020-09-06 08:41:27","Starter","396","336","B"
"2020-09-06 08:45:43","Starter","305","302","B"
"2020-09-06 08:47:44","Starter","140","104","B"
"2020-09-06 08:49:38","Starter","321","378","B"
"2020-09-06 08:51:24","Starter","341","311","B"
"2020-09-06 09:06:07","Starter","107","116","A"
"2020-09-06 09:10:59","mmiszewski","310","316","A"
"2020-09-06 09:11:46","mmiszewski","316","310","B"
"2020-09-06 09:20:11","Starter","116","107","B"
"2020-09-06 09:25:42","Starter","114","104","A"
"2020-09-06 09:29:02","Starter","136","105","A"
"2020-09-06 09:32:13","Starter","117","124","A"
"2020-09-06 09:35:33","Starter","105","136","B"
"2020-09-06 09:37:02","Starter","104","114","B"
"2020-09-06 09:40:04","Starter","138","130","A"
"2020-09-06 09:41:08","Starter","111","150","A"
"2020-09-06 09:43:14","Starter","124","117","B"
"2020-09-06 09:49:00","Starter","139","110","A"
"2020-09-06 09:50:05","Starter","130","138","B"
"2020-09-06 09:51:52","Starter","150","111","B"
"2020-09-06 09:57:26","Starter","110","139","B"
"2020-09-06 09:59:49","Starter","108","125","A"
"2020-09-06 10:02:20","Starter","106","109","A"
"2020-09-06 10:04:22","Starter","170","113","A"
"2020-09-06 10:06:32","Starter","129","133","A"
"2020-09-06 10:14:33","Starter","103","131","A"
"2020-09-06 10:17:59","Starter","109","106","B"
"2020-09-06 10:19:40","Starter","133","129","B"
"2020-09-06 10:21:42","Starter","113","170","B"
"2020-09-06 10:24:23","Starter","319","325","A"
"2020-09-06 10:26:20","Starter","126","107","A"
"2020-09-06 10:28:10","Starter","303","336","A"
"2020-09-06 10:30:02","Starter","131","103","B"
"2020-09-06 10:32:20","Starter","325","319","B"
"2020-09-06 10:42:24","Starter","118","150","A"
"2020-09-06 10:44:18","Starter","336","303","B"
"2020-09-06 10:48:09","Starter","107","126","B"
"2020-09-06 10:49:21","Starter","382","315","A"
"2020-09-06 10:52:29","Starter","132","171","A"
"2020-09-06 10:53:47","Starter","389","310","A"
"2020-09-06 10:56:32","Starter","301","318","A"
"2020-09-06 10:58:02","Starter","307","320","A"
"2020-09-06 10:59:49","Starter","150","118","B"
"2020-09-06 11:01:51","Starter","108","125","A"
"2020-09-06 11:03:45","Starter","315","382","B"
"2020-09-06 11:06:26","Starter","202","210","A"
"2020-09-06 11:08:00","Starter","312","397","A"
"2020-09-06 11:09:21","Starter","220","212","A"
"2020-09-06 11:11:25","Starter","171","132","B"
"2020-09-06 11:12:29","Starter","318","301","B"
"2020-09-06 11:14:03","Starter","310","389","B"
"2020-09-06 11:15:31","Starter","125","108","B"
"2020-09-06 11:17:17","Starter","320","307","B"
"2020-09-06 11:18:57","Starter","210","202","B"
"2020-09-06 11:20:32","Starter","212","220","B"
"2020-09-06 11:22:51","Starter","397","312","B"
"2020-09-06 11:24:27","Starter","317","309","A"
"2020-09-06 11:26:01","Starter","308","375","A"
"2020-09-06 11:27:38","Starter","219","206","A"
"2020-09-06 11:28:51","Starter","236","224","A"
"2020-09-06 11:30:48","Starter","177","111","A"
"2020-09-06 11:32:31","Starter","128","135","A"
"2020-09-06 11:35:07","Starter","375","308","B"
"2020-09-06 11:37:50","Starter","309","317","B"
"2020-09-06 11:39:26","Starter","206","219","B"
"2020-09-06 11:41:15","Starter","217","238","A"
"2020-09-06 11:42:48","Starter","111","177","B"
"2020-09-06 11:44:16","Starter","224","236","B"
"2020-09-06 11:45:59","Starter","314","382","A"
"2020-09-06 11:47:50","Starter","244","241","A"
"2020-09-06 11:50:29","Starter","135","128","B"
"2020-09-06 11:51:41","Starter","238","217","B"
"2020-09-06 11:53:41","Starter","395","303","A"
"2020-09-06 11:54:53","Starter","204","211","A"
"2020-09-06 11:56:32","Starter","321","310","A"
"2020-09-06 11:58:24","Starter","302","320","A"
"2020-09-06 12:00:00","Starter","325","318","A"
"2020-09-06 12:01:42","Starter","382","314","B"
"2020-09-06 12:03:44","Starter","241","244","B"
"2020-09-06 12:05:27","Starter","313","308","A"
"2020-09-06 12:06:50","Starter","211","204","B"
"2020-09-06 12:08:14","Starter","396","312","A"
"2020-09-06 12:10:05","Starter","303","395","B"
"2020-09-06 12:11:31","Starter","150","171","A"
"2020-09-06 12:12:58","Starter","320","302","B"
"2020-09-06 12:14:25","Starter","105","125","A"
"2020-09-06 12:16:02","Starter","310","321","B"
"2020-09-06 12:18:05","Starter","318","325","B"
"2020-09-06 12:19:33","Starter","130","106","A"
"2020-09-06 12:20:55","Starter","308","313","B"
"2020-09-06 12:22:43","Starter","122","103","A"
"2020-09-06 12:24:06","Starter","312","396","B"
"2020-09-06 12:26:06","Starter","171","150","B"
"2020-09-06 12:27:27","Starter","125","105","B"
"2020-09-06 12:28:46","Starter","114","170","A"
"2020-09-06 12:32:26","Starter","124","177","A"
"2020-09-06 12:33:15","Starter","106","130","B"
"2020-09-06 12:35:24","Starter","103","122","B"
"2020-09-06 12:37:06","Starter","341","309","A"
"2020-09-06 12:38:50","Starter","110","129","A"
"2020-09-06 12:40:15","Starter","170","114","B"
"2020-09-06 12:42:10","Starter","126","128","A"
"2020-09-06 12:43:32","Starter","208","230","A"
"2020-09-06 12:45:20","Starter","227","234","A"
"2020-09-06 12:46:15","Starter","177","124","B"
"2020-09-06 12:47:41","Starter","207","243","A"
"2020-09-06 12:48:59","Starter","309","341","B"
"2020-09-06 12:50:46","Starter","303","321","A"
"2020-09-06 12:52:27","Starter","128","126","B"
"2020-09-06 12:54:03","Starter","129","110","B"
"2020-09-06 12:55:36","Starter","234","227","B"
"2020-09-06 12:57:35","Starter","230","208","B"
"2020-09-06 12:58:44","Starter","108","131","A"
"2020-09-06 13:01:25","Starter","223","237","A"
"2020-09-06 13:02:45","Starter","243","207","B"
"2020-09-06 13:03:49","Starter","132","133","A"
"2020-09-06 13:05:30","Starter","321","303","B"
"2020-09-06 13:07:11","Starter","382","325","A"
"2020-09-06 13:08:58","Starter","396","313","A"
"2020-09-06 13:10:16","Starter","237","223","B"
"2020-09-06 13:12:37","Starter","131","108","B"
"2020-09-06 13:14:21","Starter","133","132","B"
"2020-09-06 13:15:33","Starter","240","213","A"
"2020-09-06 13:17:45","Starter","325","382","B"
"2020-09-06 13:19:39","Starter","313","396","B"
"2020-09-06 13:36:40","Starter","317","307","A"
"2020-09-06 13:38:47","Starter","213","240","B"
"2020-09-06 13:40:49","Starter","315","301","A"
"2020-09-06 13:42:22","Starter","341","302","A"
"2020-09-06 13:43:25","Starter","336","389","A"
"2020-09-06 13:45:32","Starter","397","375","A"
"2020-09-06 13:47:18","Starter","221","215","A"
"2020-09-06 13:49:47","Starter","229","205","A"
"2020-09-06 13:50:37","Starter","301","315","B"
"2020-09-06 13:52:44","Starter","307","317","B"
"2020-09-06 13:54:39","Starter","302","341","B"
"2020-09-06 13:57:39","Starter","375","397","B"
"2020-09-06 13:58:29","Starter","389","336","B"
"2020-09-06 14:00:34","Starter","113","109","A"
"2020-09-06 14:01:58","Starter","214","226","A"
"2020-09-06 14:03:34","Starter","114","130","A"
"2020-09-06 14:05:28","Starter","150","129","A"
"2020-09-06 14:06:49","Starter","205","229","B"
"2020-09-06 14:08:37","Starter","215","221","B"
"2020-09-06 14:09:49","Starter","216","203","A"
"2020-09-06 14:11:33","Starter","109","113","B"
"2020-09-06 14:18:03","mmiszewski","109","113","B"
"2020-09-06 14:18:12","Starter","111","135","A"
"2020-09-06 14:19:33","Starter","226","214","B"
"2020-09-06 14:20:56","Starter","130","114","B"
"2020-09-06 14:22:38","Starter","109","113","B"
"2020-09-06 14:27:12","Starter","129","150","B"
"2020-09-06 14:28:14","Starter","125","103","A"
"2020-09-06 14:29:39","Starter","177","126","A"
"2020-09-06 14:34:34","Starter","220","224","A"
"2020-09-06 14:38:49","Starter","203","216","B"
"2020-09-06 14:39:55","Starter","135","111","B"
"2020-09-06 14:41:55","Starter","238","241","A"
"2020-09-06 14:43:52","Starter","103","125","B"
"2020-09-06 14:44:57","Starter","126","177","B"
"2020-09-06 14:46:22","Starter","224","220","B"
"2020-09-06 14:47:43","Starter","219","202","A"
"2020-09-06 14:49:17","Starter","204","227","A"
"2020-09-06 14:50:33","Starter","241","238","B"
"2020-09-06 14:57:32","Starter","227","204","B"
"2020-09-06 14:58:31","Starter","202","219","B"
"2020-09-06 15:15:24","Starter","216","226","A"
"2020-09-06 15:17:32","Starter","223","240","A"
"2020-09-06 15:22:47","Starter","206","210","A"
"2020-09-06 15:24:25","Starter","230","207","A"
"2020-09-06 15:25:55","Starter","240","223","B"
"2020-09-06 15:28:17","Starter","226","216","B"
"2020-09-06 15:29:54","Starter","217","244","A"
"2020-09-06 15:32:03","Starter","229","215","A"
"2020-09-06 15:33:23","Starter","212","236","A"
"2020-09-06 15:34:53","Starter","211","234","A"
"2020-09-06 15:36:30","Starter","207","230","B"
"2020-09-06 15:37:30","Starter","210","206","B"
"2020-09-06 15:39:03","Starter","237","213","A"
"2020-09-06 15:41:14","Starter","208","243","A"
"2020-09-06 15:42:17","Starter","203","214","A"
"2020-09-06 15:43:32","Starter","234","211","B"
"2020-09-06 15:44:54","Starter","236","212","B"
"2020-09-06 15:46:23","Starter","215","229","B"
"2020-09-06 15:47:49","Starter","244","217","B"
"2020-09-06 15:50:56","Starter","243","208","B"
"2020-09-06 15:52:17","Starter","205","221","A"
"2020-09-06 15:53:39","Starter","213","237","B"
"2020-09-06 15:55:32","Starter","214","203","B"
"2020-09-06 16:00:22","Starter","221","205","B"
"2020-09-06 16:12:24","Starter","212","210","A"
"2020-09-06 16:13:27","Starter","207","206","A"
"2020-09-06 16:16:56","Starter","216","234","A"
"2020-09-06 16:19:02","Starter","240","236","A"
"2020-09-06 16:20:36","Starter","219","243","A"
"2020-09-06 16:22:21","Starter","206","207","B"
"2020-09-06 16:23:37","Starter","210","212","B"
"2020-09-06 16:25:19","Starter","229","244","A"
"2020-09-06 16:26:52","Starter","217","211","A"
"2020-09-06 16:28:26","Starter","204","214","A"
"2020-09-06 16:29:42","Starter","236","240","B"
"2020-09-06 16:31:22","Starter","234","216","B"
"2020-09-06 16:33:01","Starter","220","213","A"
"2020-09-06 16:35:06","Starter","237","208","A"
"2020-09-06 16:37:09","Starter","244","229","B"
"2020-09-06 16:37:51","Starter","243","219","B"
"2020-09-06 16:39:27","Starter","238","221","A"
"2020-09-06 16:41:04","Starter","211","217","B"
"2020-09-06 16:42:38","Starter","214","204","B"
"2020-09-06 16:43:54","Starter","208","237","B"
"2020-09-06 16:45:37","Starter","213","220","B"
"2020-09-06 16:47:34","Starter","221","238","B"
"2020-09-06 17:02:31","Starter","236","207","A"
"2020-09-06 17:06:53","mmiszewski","205","203","A"
"2020-09-06 17:08:29","Starter","238","214","A"
"2020-09-06 17:09:29","Starter","229","216","A"
"2020-09-06 17:10:51","Starter","207","236","B"
"2020-09-06 17:13:06","Starter","213","243","A"
"2020-09-06 17:15:31","Starter","214","238","B"
"2020-09-06 17:17:20","Starter","203","205","B"
"2020-09-06 17:19:04","Starter","216","229","B"
"2020-09-06 17:24:57","Starter","243","213","B"
